{
    "r2": 0.9458683301407727,
    "best_r2_in_hpo": 0.9458683301407727
}